<!DOCTYPE PATCH  SYSTEM "http://vvvv.org/versions/vvvv50beta35.2.dtd" >
   <PATCH nodename="C:\Users\BabyClone\Documents\GitHub\CMiX_ENGINE\Modules\StringDictionary\StringDctionaryTest.v4p" systemname="StringDctionaryTest" filename="C:\Users\BabyClone\Documents\GitHub\CMiX_ENGINE\Modules\StringDictionary\StringDctionaryTest.v4p">
   <BOUNDS type="Window" left="12220" top="12700" width="9000" height="6000">
   </BOUNDS>
   <NODE id="18" nodename="OSCDecoder (Network)" systemname="OSCDecoder (Network)">
   <BOUNDS height="0" left="6610" top="4400" type="Node" width="0">
   </BOUNDS>
   <PIN pinname="Input" visible="1" slicecount="1" values="||">
   </PIN>
   <PIN pinname="Arguments" visible="1">
   </PIN>
   <PIN pinname="TypeTags" visible="1">
   </PIN>
   <PIN pinname="Address" visible="1">
   </PIN>
   <PIN pinname="OnReceive" visible="1">
   </PIN>
   <PIN pinname="Match Rule" slicecount="1" values="All">
   </PIN>
   <PIN pinname="Bin Sizes" visible="1">
   </PIN>
   </NODE>
   <NODE id="17" systemname="IOBox (Node)" componentmode="InABox" nodename="IOBox (Node)">
   <PIN pinname="Descriptive Name" slicecount="1" values="Input">
   </PIN>
   <BOUNDS type="Box" left="2020" top="1730" width="750" height="240">
   </BOUNDS>
   <BOUNDS type="Node" left="2020" top="1730" width="750" height="240">
   </BOUNDS>
   </NODE>
   <LINK srcnodeid="17" srcpinname="Output Node" dstnodeid="18" dstpinname="Input">
   </LINK>
   <NODE id="16" systemname="IOBox (String)" componentmode="InABox" nodename="IOBox (String)">
   <PIN pinname="Descriptive Name" slicecount="1" values="Address">
   </PIN>
   <BOUNDS type="Box" left="9660" top="1730" width="3120" height="240">
   </BOUNDS>
   <BOUNDS type="Node" left="9660" top="1730" width="750" height="240">
   </BOUNDS>
   <PIN pinname="Output String" visible="1">
   </PIN>
   </NODE>
   <LINK srcnodeid="16" srcpinname="Output String" dstnodeid="18" dstpinname="Address" hiddenwhenlocked="1">
   </LINK>
   <NODE systemname="AsValue (String)" nodename="AsValue (String)" componentmode="Hidden" id="15">
   <BOUNDS type="Node" left="2020" top="6660" width="100" height="100">
   </BOUNDS>
   <PIN pinname="Input" visible="1" slicecount="1" values="0.0000">
   </PIN>
   <PIN pinname="Output" visible="1">
   </PIN>
   </NODE>
   <NODE nodename="IOBox (Value Advanced)" componentmode="InABox" id="14" systemname="IOBox (Value Advanced)">
   <BOUNDS type="Box" left="2020" top="7310" width="870" height="650">
   </BOUNDS>
   <BOUNDS type="Node" left="2020" top="7310" width="0" height="0">
   </BOUNDS>
   <PIN pinname="Units" slicecount="1" values="||">
   </PIN>
   <PIN pinname="Precision" slicecount="1" values="4">
   </PIN>
   <PIN pinname="Descriptive Name" slicecount="1" values="Output">
   </PIN>
   <PIN pinname="Rows" slicecount="1" values="3">
   </PIN>
   </NODE>
   <LINK srcnodeid="15" srcpinname="Output" dstnodeid="14" dstpinname="Y Input Value">
   </LINK>
   <NODE systemname="AsString (Value)" nodename="AsString (Value)" componentmode="Hidden" id="13">
   <BOUNDS type="Node" left="3560" top="5190" width="100" height="100">
   </BOUNDS>
   <PIN pinname="Output" visible="1">
   </PIN>
   <PIN pinname="Input" visible="1">
   </PIN>
   </NODE>
   <NODE nodename="IOBox (Value Advanced)" componentmode="InABox" id="12" systemname="IOBox (Value Advanced)">
   <BOUNDS type="Box" left="3550" top="1730" width="800" height="240">
   </BOUNDS>
   <BOUNDS type="Node" left="3550" top="1730" width="0" height="0">
   </BOUNDS>
   <PIN pinname="Y Input Value" slicecount="1" visible="1" values="0">
   </PIN>
   <PIN pinname="Units" slicecount="1" values="||">
   </PIN>
   <PIN pinname="Precision" slicecount="1" values="4">
   </PIN>
   <PIN pinname="Descriptive Name" slicecount="1" values="Default">
   </PIN>
   <PIN pinname="Y Output Value" visible="1">
   </PIN>
   </NODE>
   <NODE systemname="R (String Advanced)" nodename="R (String Advanced)" componentmode="Hidden" id="11" filename="%VVVV%\addonpack\lib\nodes\plugins\RSNodes.dll">
   <BOUNDS type="Node" left="8920" top="4400" width="100" height="100">
   </BOUNDS>
   <PIN pinname="Descriptive Name" slicecount="1" values="||">
   </PIN>
   <PIN pinname="Receive String" slicecount="1" values="LayerRemoved">
   </PIN>
   <PIN pinname="Output" visible="1">
   </PIN>
   <BOUNDS type="Box" left="8920" top="4400">
   </BOUNDS>
   </NODE>
   <NODE systemname="Change (String)" nodename="Change (String)" componentmode="Hidden" id="10">
   <BOUNDS type="Node" left="8140" top="5190" width="100" height="100">
   </BOUNDS>
   <PIN pinname="Input" visible="1">
   </PIN>
   <PIN pinname="OnChange" visible="1">
   </PIN>
   </NODE>
   <LINK srcnodeid="11" srcpinname="Output" dstnodeid="10" dstpinname="Input">
   </LINK>
   <NODE nodename="IOBox (Value Advanced)" componentmode="InABox" id="9" systemname="IOBox (Value Advanced)">
   <BOUNDS type="Box" left="9670" top="7160" width="940" height="240">
   </BOUNDS>
   <BOUNDS type="Node" left="9670" top="7160" width="0" height="0">
   </BOUNDS>
   <PIN pinname="Units" slicecount="1" values="||">
   </PIN>
   <PIN pinname="Precision" slicecount="1" values="4">
   </PIN>
   <PIN pinname="Value Type" slicecount="1" values="Integer">
   </PIN>
   <PIN pinname="Descriptive Name" slicecount="1" values="|Output Bin Size|">
   </PIN>
   <PIN pinname="Rows" slicecount="1" values="1">
   </PIN>
   </NODE>
   <NODE systemname="CDR (String)" nodename="CDR (String)" componentmode="Hidden" id="8">
   <BOUNDS type="Node" left="2660" top="5190" width="100" height="100">
   </BOUNDS>
   <PIN pinname="Input" visible="1">
   </PIN>
   <PIN pinname="Last Slice" visible="1">
   </PIN>
   </NODE>
   <LINK srcnodeid="16" srcpinname="Output String" dstnodeid="8" dstpinname="Input" hiddenwhenlocked="1">
   </LINK>
   <NODE systemname="FrameDifference (Animation)" nodename="FrameDifference (Animation)" componentmode="Hidden" id="7">
   <BOUNDS type="Node" left="2020" top="3100" width="100" height="100">
   </BOUNDS>
   <PIN pinname="Input" visible="1">
   </PIN>
   <PIN pinname="Output" visible="1">
   </PIN>
   </NODE>
   <NODE systemname="Count (String)" nodename="Count (String)" componentmode="Hidden" id="6">
   <BOUNDS type="Node" left="2020" top="2450" width="100" height="100">
   </BOUNDS>
   <PIN pinname="Input" visible="1">
   </PIN>
   <PIN pinname="Count" visible="1">
   </PIN>
   </NODE>
   <LINK srcnodeid="16" srcpinname="Output String" dstnodeid="6" dstpinname="Input" hiddenwhenlocked="1">
   </LINK>
   <LINK srcnodeid="6" srcpinname="Count" dstnodeid="7" dstpinname="Input">
   </LINK>
   <NODE systemname="TogEdge (Animation)" nodename="TogEdge (Animation)" componentmode="Hidden" id="5">
   <BOUNDS type="Node" left="2020" top="4400" width="100" height="100">
   </BOUNDS>
   <PIN pinname="Input" visible="1" slicecount="1" values="0">
   </PIN>
   <PIN pinname="Up Edge" visible="1">
   </PIN>
   </NODE>
   <LINK srcnodeid="12" srcpinname="Y Output Value" dstnodeid="13" dstpinname="Input">
   </LINK>
   <NODE systemname="GT (Value)" nodename="GT (Value)" componentmode="Hidden" id="4">
   <BOUNDS type="Node" left="2020" top="3740" width="100" height="100">
   </BOUNDS>
   <PIN pinname="Input 1" visible="1">
   </PIN>
   <PIN pinname="Output" visible="1">
   </PIN>
   </NODE>
   <LINK srcnodeid="7" srcpinname="Output" dstnodeid="4" dstpinname="Input 1">
   </LINK>
   <LINK srcnodeid="4" srcpinname="Output" dstnodeid="5" dstpinname="Input">
   </LINK>
   <NODE systemname="OR (Boolean)" nodename="OR (Boolean)" componentmode="Hidden" id="3">
   <BOUNDS type="Node" left="2020" top="5190" width="100" height="100">
   </BOUNDS>
   <PIN pinname="Input 1" visible="1">
   </PIN>
   <PIN pinname="Output" visible="1">
   </PIN>
   <PIN pinname="Input 2" visible="1">
   </PIN>
   </NODE>
   <LINK srcnodeid="5" srcpinname="Up Edge" dstnodeid="3" dstpinname="Input 1">
   </LINK>
   <NODE systemname="Dictionary (String)" filename="bin\AnyCPU\Debug\StringDictionary.dll" nodename="Dictionary (String)" componentmode="Hidden" id="2">
   <BOUNDS type="Node" left="2020" top="6000" width="7710" height="270">
   </BOUNDS>
   <BOUNDS type="Box" left="2020" top="6000">
   </BOUNDS>
   <PIN pinname="Output" visible="1">
   </PIN>
   <PIN pinname="Add" visible="1" slicecount="1" values="0">
   </PIN>
   <PIN pinname="Update" visible="1" slicecount="1" values="0">
   </PIN>
   <PIN pinname="Add Value" visible="1" slicecount="1" values="0.0000">
   </PIN>
   <PIN pinname="Add Key" visible="1" slicecount="1" values="/MasterPeriod/Resync">
   </PIN>
   <PIN pinname="Delete" visible="1">
   </PIN>
   <PIN pinname="Delete Key" visible="1">
   </PIN>
   <PIN pinname="Output Key" visible="1" slicecount="1" values="/MasterPeriod/Resync">
   </PIN>
   <PIN pinname="Update Value Bin Size" visible="1" slicecount="1" values="1">
   </PIN>
   <PIN pinname="Update Value" visible="1">
   </PIN>
   </NODE>
   <LINK srcnodeid="2" srcpinname="Output Bin Size" dstnodeid="9" dstpinname="Y Input Value">
   </LINK>
   <LINK srcnodeid="16" srcpinname="Output String" dstnodeid="2" dstpinname="Update Key" hiddenwhenlocked="1">
   </LINK>
   <NODE systemname="OnOpen (VVVV Safe)" filename="%VVVV%\packs\mp.essentials\nodes\modules\vvvv\OnOpen (VVVV Safe).v4p" nodename="OnOpen (VVVV Safe)" componentmode="Hidden" id="1">
   <BOUNDS type="Node" left="3080" top="4430" width="100" height="100">
   </BOUNDS>
   <PIN pinname="Or" slicecount="1" values="0">
   </PIN>
   <PIN pinname="Output" visible="1">
   </PIN>
   </NODE>
   <LINK srcnodeid="1" srcpinname="Output" dstnodeid="3" dstpinname="Input 2">
   </LINK>
   <LINK srcnodeid="2" srcpinname="Output" dstnodeid="15" dstpinname="Input">
   </LINK>
   <NODE nodename="IOBox (String)" componentmode="InABox" id="0" systemname="IOBox (String)">
   <BOUNDS type="Box" left="10070" top="2770" width="4010" height="630">
   </BOUNDS>
   <BOUNDS type="Node" left="10070" top="2770" width="0" height="0">
   </BOUNDS>
   <PIN pinname="Default" slicecount="1" values="text">
   </PIN>
   <PIN pinname="File Mask" slicecount="1" values="||">
   </PIN>
   <PIN pinname="Maximum Characters" slicecount="1" values="-1">
   </PIN>
   <PIN pinname="Rows" slicecount="1" values="2">
   </PIN>
   </NODE>
   <LINK srcnodeid="16" srcpinname="Output String" dstnodeid="0" dstpinname="Input String">
   </LINK>
   <LINK srcnodeid="16" srcpinname="Output String" dstnodeid="2" dstpinname="Output Key" hiddenwhenlocked="1">
   </LINK>
   <LINK srcnodeid="11" srcpinname="Output" dstnodeid="2" dstpinname="Delete Key">
   </LINK>
   <LINK srcnodeid="10" srcpinname="OnChange" dstnodeid="2" dstpinname="Delete">
   </LINK>
   <LINK srcnodeid="3" srcpinname="Output" dstnodeid="2" dstpinname="Add">
   </LINK>
   <LINK srcnodeid="8" srcpinname="Last Slice" dstnodeid="2" dstpinname="Add Key">
   </LINK>
   <LINK srcnodeid="13" srcpinname="Output" dstnodeid="2" dstpinname="Add Value">
   </LINK>
   <LINK srcnodeid="18" srcpinname="Arguments" dstnodeid="2" dstpinname="Update Value">
   </LINK>
   <LINK srcnodeid="18" srcpinname="OnReceive" dstnodeid="2" dstpinname="Update">
   </LINK>
   <PACK Name="vvvv-ZeroMQ" Version="0.5.4">
   </PACK>
   <PACK Name="addonpack" Version="35.0.0">
   </PACK>
   </PATCH>